ID,Grant.Status,Probability
0,1,0.8703187787661406
1,1,0.6612181672449049
2,0,0.11545454782950337
3,1,0.9885029819241118
4,0,0.21226258202475962
5,1,0.8703966528097478
6,1,0.9905676648920821
7,1,0.5683987685499258
8,1,0.9886208055753727
9,1,0.8042630393921294
10,1,0.7934433323214106
11,0,0.0243696510794907
12,1,0.8637612836571201
13,1,0.8685274425087163
14,1,0.6895765935885194
15,1,0.9805292736642928
16,1,0.5477746829772636
17,1,0.9856368760372622
18,1,0.9737745710308141
19,1,0.537495195680196
20,1,0.7537806860979926
21,1,0.8135160409165771
22,1,0.7353098646907644
23,1,0.9919402679247964
24,1,0.7093199442856802
25,1,0.662068015908235
26,1,0.952605876292652
27,1,0.6191020488589076
28,1,0.9810207558758006
29,1,0.8537921910457247
30,1,0.8371503193879505
31,1,0.752884762264639
32,1,0.910263129888878
33,1,0.6706017415881229
34,1,0.8161775536278614
35,1,0.9880039530317458
36,0,0.28776713439333196
37,1,0.8143558398727189
38,0,0.10108859083973021
39,1,0.7835816820663737
40,1,0.813857700523953
41,1,0.8935423427969358
42,1,0.9832357644059918
43,1,0.8685194710106041
44,1,0.9307744771962475
45,1,0.8448977520808629
46,1,0.6115184119278979
47,1,0.9221039274115598
48,1,0.8391692015683724
49,1,0.8379769613949387
50,1,0.9941290530747579
51,1,0.9838187847030417
52,1,0.9935236441569218
53,1,0.7513687161502666
54,1,0.947972791655796
55,0,0.37766175808607855
56,0,0.4674093180569449
57,0,0.4651526637134252
58,1,0.876536995991245
59,1,0.9808351410149881
60,1,0.78231456053917
61,1,0.7080896072481224
62,1,0.9813223566127207
63,1,0.702829392315312
64,1,0.9885834499168641
65,1,0.9827671263632654
66,1,0.8339149613380833
67,1,0.6389918068249834
68,0,0.29031391344000107
69,1,0.7993257444775097
70,1,0.8517158249718297
71,1,0.5458062415292121
72,0,0.29120642206848824
73,0,0.21537890482684316
74,1,0.8464145676824049
75,1,0.9214176009648618
76,0,0.42246840269705055
77,1,0.7805649967862649
78,1,0.6645391888121958
79,1,0.979837982816428
80,0,0.45907749340608883
81,1,0.8328971181906982
82,1,0.6512264036571267
83,1,0.9336133210611516
84,1,0.9905685970044711
85,1,0.9795379644125585
86,1,0.7230568411072587
87,1,0.9920159131530372
88,1,0.8123938124676163
89,1,0.9850798718822014
90,0,0.13215768391665703
91,0,0.4696348320535269
92,1,0.9334844757087806
93,1,0.5092242904327978
94,1,0.9327434470089871
95,0,0.32417096656851613
96,0,0.3483036272473115
97,1,0.8184674225513524
98,1,0.6743511789376938
99,0,0.29999865362823674
100,0,0.19146162661955965
101,1,0.6968646962488401
102,1,0.7286196702316247
103,1,0.8422776456628358
104,0,0.4032341278768067
105,1,0.9610828231828786
106,1,0.8967154089389144
107,1,0.820359531355335
108,1,0.8172122660751172
109,1,0.578011459956185
110,0,0.39670802778353015
111,1,0.9897548621333505
112,0,0.26372365690306704
113,1,0.9584959085276065
114,1,0.7800308924571646
115,1,0.7108943319765759
116,1,0.6902246089998785
117,1,0.7195064896315584
118,1,0.9603055488915114
119,0,0.11895927610836338
120,1,0.875285692637548
121,1,0.6904520315062476
122,1,0.8442466524809842
123,1,0.9138183547011446
124,1,0.7770817147677357
125,0,0.2999073037685726
126,1,0.823926081713487
127,1,0.7059360472951848
128,1,0.7222698758982495
129,1,0.8700897082400264
130,1,0.81032633615619
131,1,0.9446058808881226
132,1,0.702815038788037
133,1,0.9838512881517957
134,1,0.8471380683116366
135,1,0.5880962185866323
136,1,0.8296244758845481
137,1,0.837477617093561
138,1,0.5821118961022039
139,1,0.7513857614711066
140,1,0.7420125388566794
141,1,0.9926461446351522
142,1,0.8185695525121299
143,0,0.4941059922844343
144,1,0.7688029183462249
145,1,0.7971448220763422
146,0,0.13683443777343365
147,1,0.591047769319305
148,0,0.27818467530921737
149,1,0.846749945261404
150,1,0.9789466683417327
151,0,0.16794533214601606
152,1,0.9944018549118183
153,0,0.1727022398825396
154,0,0.3896469763206853
155,1,0.9935352935738005
156,1,0.6762230807095752
157,1,0.9662870728034643
158,1,0.9611561257734765
159,1,0.5777544383046336
160,1,0.7059113999314278
161,0,0.4444578324917015
162,1,0.8468387674124
163,1,0.8225532315771571
164,1,0.9887715135212973
165,1,0.6307498734234247
166,0,0.33589769970963423
167,1,0.6712664253071341
168,1,0.8925572301508675
169,1,0.5141732327570862
170,1,0.8647772798059958
171,1,0.6176561692911108
172,0,0.4458070305844355
173,1,0.8621703768245275
174,0,0.45509519492187267
175,1,0.8149139972312758
176,0,0.24904289185217443
177,1,0.9900092930319407
178,1,0.837438813897894
179,0,0.07219906808486354
180,0,0.2918478315885396
181,1,0.9206810888610314
182,1,0.8721859441580376
183,1,0.9846059239191597
184,1,0.9406290321817422
185,1,0.7173716840710646
186,0,0.22131199260098397
187,1,0.9733183012030161
188,1,0.8199622566333876
189,1,0.9019231540615904
190,0,0.2703872349554939
191,1,0.7225096262971425
192,1,0.8249192126259435
193,0,0.1951594367017841
194,1,0.8549702212723068
195,1,0.5168884032062391
196,1,0.9027990318317902
197,1,0.808208212708393
198,1,0.778084373259161
199,1,0.7822774240357858
200,0,0.419619585853473
201,1,0.83683790153279
202,1,0.9922241560803057
203,1,0.9892351130620309
204,0,0.4549578886352259
205,0,0.41148992510128557
206,0,0.4549578886352259
207,1,0.5806557043084352
208,1,0.9723916904758935
209,1,0.6081692472943963
210,1,0.9910998516314112
211,1,0.8846272479580809
212,1,0.9114720961680881
213,1,0.7481930149725571
214,1,0.82544224312279
215,1,0.9148437211803961
216,1,0.6541532481730123
217,1,0.9822684968814687
218,1,0.860652957917049
219,1,0.9767204976019886
220,1,0.7455877178400642
221,0,0.41338598806728327
222,0,0.4434550210454158
223,1,0.5039963160907357
224,1,0.8190524428104402
225,1,0.7297489617338763
226,0,0.20851602274938225
227,0,0.20581188939540326
228,1,0.8787789267132772
229,1,0.9860722745644919
230,0,0.13629130186990174
231,0,0.051304019482197635
232,1,0.9304347059600845
233,0,0.22258367642090698
234,0,0.3272475922222893
235,0,0.14036428704662168
236,1,0.740475694640228
237,1,0.9059446031590926
238,1,0.8384918109177781
239,1,0.8901035169455657
240,1,0.757386017801832
241,1,0.757386017801832
242,0,0.1405384234906873
243,1,0.7148603450841227
244,1,0.849941984484952
245,0,0.19456073123199144
246,0,0.0788107429533941
247,0,0.4619347059173807
248,0,0.322360905011638
249,0,0.31913046107857135
250,0,0.3925905266967626
251,1,0.8883317068618272
252,0,0.30416592340971166
253,1,0.7905308651225168
254,0,0.10851595901143542
255,0,0.33931923570741945
256,0,0.1271475534485636
257,0,0.268734519452639
258,1,0.5055262520815532
259,1,0.5388001068920165
260,1,0.5083378880777892
261,1,0.6820693462956918
262,0,0.10298791444808214
263,0,0.42056906104185177
264,1,0.8804083727189521
265,0,0.4752124721171666
266,1,0.8201499377309303
267,0,0.49218939898387104
268,0,0.3160410012811785
269,0,0.1320200614470723
270,1,0.6923570703588638
271,1,0.8004816077166739
272,1,0.8520408934567892
273,1,0.7326569116162319
274,1,0.7928587559554517
275,0,0.4500829108989608
276,1,0.7565754239618323
277,0,0.4859843155034797
278,1,0.782152313484621
279,1,0.80198557199707
280,1,0.9745242140022834
281,1,0.9904302705953196
282,1,0.5768598597243905
283,0,0.2027350516853505
284,0,0.06335056462309031
285,1,0.8631296817196604
286,1,0.6879782406189731
287,0,0.49218939898387104
288,1,0.8389373432734261
289,1,0.9560973487214557
290,1,0.5828637075115467
291,0,0.44752299556336894
292,1,0.6545427494131796
293,0,0.016179027618199893
294,0,0.3184991683532469
295,1,0.5950121280553782
296,1,0.9410719963431838
297,1,0.7816387890788643
298,1,0.802359094133263
299,1,0.5148411702335693
300,1,0.7861079994128493
301,1,0.6170450900182255
302,1,0.745057377905688
303,1,0.6958713015885609
304,1,0.9563583251203671
305,1,0.8753470417179884
306,1,0.9610708191830231
307,0,0.08093135170121231
308,1,0.667308845456717
309,0,0.4144688666216423
310,0,0.3879663167583908
311,1,0.9454107180823552
312,1,0.9134088587327872
313,1,0.9578900268266344
314,0,0.46623068338188467
315,1,0.6679583739133
316,1,0.8024052961354566
317,1,0.6679583739133
318,1,0.6679583739133
319,1,0.6679583739133
320,1,0.6854122625211787
321,1,0.9555890936927812
322,1,0.9578900268266344
323,0,0.33240707897341837
324,0,0.29605163317252925
325,0,0.4443346942437967
326,1,0.62859115483677
327,0,0.4719093032345462
328,0,0.19790158482809378
329,0,0.4332474333823784
330,0,0.3715796075057933
331,0,0.32355734180179535
332,0,0.3174288656475494
333,0,0.3528004992443081
334,0,0.09448277662659392
335,0,0.33653390419999824
336,0,0.34044831447089957
337,0,0.49927778608851187
338,1,0.5140527445316612
339,0,0.4831267686417705
340,0,0.1462556031795094
341,0,0.0901042414877922
342,1,0.8320364807319665
343,0,0.3230165580501806
344,0,0.07697205209604131
345,0,0.37513702999896176
346,0,0.05577134777346329
347,0,0.06863684900424687
348,0,0.4297587320994253
349,0,0.08201374898078784
350,1,0.9941728768189095
351,1,0.9670960414523959
352,1,0.5130719373181569
353,0,0.08356172437394337
354,0,0.09046077098545992
355,0,0.3058202367785219
356,0,0.12773529099323647
357,0,0.48450882211340174
358,0,0.28419290907160144
359,0,0.10320271809728686
360,1,0.802227584941591
361,0,0.35929757012438246
362,0,0.042846217338792805
363,1,0.8549874411768486
364,1,0.7790695848186042
365,0,0.4388729991675317
366,0,0.08129001138324639
367,0,0.3010966156355301
368,0,0.371502219639577
369,1,0.5357330660577447
370,0,0.04934618160911724
371,0,0.3269524454930774
372,0,0.3578968406636758
373,0,0.41209208054754487
374,0,0.34659066038306335
375,0,0.3456535646287161
376,0,0.42447421341731423
377,0,0.4864337684356609
378,0,0.3094118667307235
379,1,0.7713775763532001
380,0,0.15258863595875655
381,0,0.4573997312641201
382,1,0.9095953012635499
383,1,0.7125384749076029
384,1,0.8633801636198267
385,0,0.049089362657491475
386,0,0.06622817560402258
387,0,0.10609205562949779
388,0,0.31476525848907627
389,1,0.9573462214555235
390,0,0.059463018211118546
391,0,0.30733417676836683
392,1,0.7525411279601641
393,1,0.5161870764311279
394,0,0.2592777310561137
395,1,0.8257464737441017
396,0,0.045644325069331325
397,0,0.31199575878036356
398,1,0.7236254945508831
399,0,0.072574085655019
400,0,0.3172034249437283
401,0,0.4233776978022515
402,0,0.36283053772890245
403,0,0.337440746351277
404,1,0.9647082437675089
405,0,0.06909757719901301
406,0,0.28381488850088005
407,0,0.3431572440039228
408,0,0.09827562021520682
409,1,0.7165241538179243
410,1,0.9563811531156219
411,1,0.8146048448265322
412,0,0.28799918198700764
413,1,0.8218187612274614
414,1,0.9958381253393773
415,1,0.748427683802949
416,1,0.9061135067291505
417,0,0.30398071646339186
418,0,0.07648206919074836
419,0,0.331464468787414
420,1,0.8821738987788316
421,0,0.4194709153420005
422,1,0.881050780533076
423,0,0.3018178481274234
424,0,0.3663607781414301
425,1,0.8204153484136738
426,1,0.792552968451102
427,1,0.8121056298004531
428,0,0.3521870384176383
429,0,0.12341569711438398
430,1,0.5547978615082261
431,1,0.8861657281480734
432,1,0.5338704443022738
433,0,0.06164106478248481
434,0,0.11751923859321568
435,0,0.09094480776759668
436,0,0.3017211674932551
437,0,0.35754523991641074
438,0,0.42458767446430534
439,0,0.43128256223445866
440,0,0.4885573364923946
441,1,0.5745551009906987
442,1,0.9623753888033223
443,1,0.5047228544994672
444,1,0.5060151565956204
445,1,0.7318407778982593
446,1,0.9602841699747617
447,1,0.8302112555448646
448,1,0.8483723592861933
449,0,0.17812418147541934
450,0,0.1925129846772856
451,1,0.7329417520303898
452,0,0.27708022516901043
453,1,0.7114943101762201
454,1,0.9449686715034847
455,0,0.271080261872094
456,0,0.37918488197104017
457,0,0.10298368038372764
458,1,0.9609390067053495
459,0,0.16720489861823268
460,0,0.3251921203036584
461,0,0.07567310531400465
462,1,0.6665077135275356
463,0,0.028043015585392066
464,0,0.2339499525469688
465,0,0.33064246985576184
466,0,0.09534333050353737
467,1,0.9219611316168634
468,1,0.9111590898971976
469,0,0.4646797613446857
470,0,0.12006735776062281
471,0,0.3586265179679444
472,0,0.4806196382704878
473,0,0.029757920444361794
474,0,0.04930483557724933
475,0,0.38025991387694225
476,0,0.10849834294699828
477,0,0.41023342057437573
478,0,0.08364635920774204
479,0,0.14396517871012784
480,0,0.18553708144215372
481,1,0.5210784726590707
482,1,0.5912769809571735
483,1,0.7347818584200172
484,1,0.6935251845997692
485,0,0.3045165627068972
486,0,0.3422410343514007
487,1,0.9580561245199232
488,0,0.15738576998667608
489,1,0.6096640773125863
490,1,0.8172735677359383
491,1,0.5986288347128792
492,0,0.26484963527620076
493,1,0.8938878363891136
494,1,0.8626298490052345
495,0,0.20124452420189376
496,1,0.9742120252519779
497,1,0.9902327476775861
498,1,0.5441923456192137
499,0,0.15660388915841886
500,0,0.105126406000623
501,1,0.8397783536802857
502,1,0.8921759004870831
503,1,0.8050841153400982
504,0,0.40151134790001575
505,1,0.98802952204067
506,0,0.3696022398192552
507,0,0.14950756311984875
508,1,0.7570311144758711
509,0,0.1119706139292523
510,0,0.018010858565226134
511,1,0.9831419509162733
512,0,0.10638701807008417
513,1,0.8090285267016055
514,0,0.30176161340456475
515,1,0.9831419509162733
516,0,0.2174804315922104
517,1,0.7792100815990561
518,1,0.9555622269279238
519,0,0.20383775632060233
520,0,0.27526095489427255
521,1,0.9592263530095263
522,1,0.9353291792825629
523,0,0.3249315754267665
524,1,0.6926221253904564
525,1,0.687323065920915
526,0,0.3755044648643071
527,0,0.2590323505676371
528,0,0.3867908914548528
529,0,0.24767867550894573
530,0,0.24557136021738585
531,1,0.7385198311250648
532,0,0.44906833095920357
533,0,0.4119554550356351
534,0,0.2544908596201207
535,0,0.37603203650842487
536,0,0.4540184056766248
537,1,0.8543017252895502
538,1,0.6600393821000082
539,1,0.9399071616555377
540,0,0.4593409182979937
541,0,0.28809599021109117
542,0,0.39253179810911326
543,1,0.6986142515927691
544,1,0.8079694981301286
545,0,0.28528778003975536
546,0,0.23469151256945894
547,1,0.8167404721573309
548,1,0.8631539458951455
549,1,0.9658800995726572
550,1,0.8558122324981278
551,1,0.6849346389886141
552,1,0.9917114343300001
553,1,0.6270645433312431
554,0,0.49375092706885765
555,1,0.8363172840661023
556,1,0.8338807429117859
557,1,0.7815094698620039
558,0,0.2749725246212472
559,0,0.2710049834647223
560,1,0.8373518314804062
561,1,0.9907957317444988
562,1,0.6748732010994173
563,1,0.8404124762000584
564,1,0.8500232695526498
565,1,0.9421643601424425
566,1,0.8805940698878036
567,1,0.8834181980206055
568,1,0.9296606212060622
569,1,0.8214702546867864
570,1,0.7295483882969408
571,1,0.5313972040703431
572,1,0.5037620601022496
573,0,0.27343381782590886
574,1,0.9343820613098867
575,1,0.9361168818697875
576,0,0.3621546729900559
577,1,0.606503151314641
578,1,0.9925572057217967
579,1,0.8363720137197341
580,1,0.7659463611062437
581,0,0.14718214223290585
582,1,0.9338436747335316
583,1,0.9867907813592812
584,1,0.8373882053857784
585,0,0.1178779764082276
586,1,0.536964923331527
587,1,0.8666853228886912
588,0,0.30429323966540545
589,0,0.1119071302002394
590,1,0.8337701807361305
591,1,0.9863508010057681
592,1,0.8855257687764592
593,0,0.24048451702693724
594,1,0.8376438197455462
595,0,0.26838167548322134
596,1,0.5838782651406225
597,0,0.20581090039409475
598,1,0.8450367446641102
599,1,0.8492029773997762
600,1,0.5694172571184121
601,1,0.885518920826654
602,1,0.7794313732516543
603,0,0.38035170681137254
604,0,0.38571775479476206
605,1,0.8854406726991992
606,0,0.3602215752991206
607,1,0.9398251992387693
608,1,0.8292678070447217
609,0,0.36420287517881955
610,1,0.8085795319257152
611,1,0.959659333736051
612,1,0.9564979689874741
613,0,0.06740557344967756
614,1,0.9580803154200347
615,1,0.5764348351940947
616,0,0.02068111824265312
617,0,0.48758783769052394
618,0,0.4699385784729582
619,0,0.404341143489
620,1,0.6368557014954387
621,1,0.9596526726033462
622,0,0.3008603850790307
623,1,0.6842278384154463
624,1,0.7095767400146005
625,1,0.7539633530025719
626,0,0.4500333770723602
627,1,0.542224091595613
628,1,0.5413170894134389
629,1,0.8109949681815369
630,1,0.9730968253263179
631,1,0.866246892512946
632,1,0.9361414486066676
633,0,0.46903059020224047
634,1,0.8419311726555755
635,0,0.4709436795867473
636,1,0.5589902654282827
637,1,0.9938401439645539
638,0,0.05508129087916988
639,0,0.41623972652759733
640,0,0.06857340697847467
641,0,0.046078664760018116
642,1,0.5836348478425586
643,0,0.07517493767200854
644,0,0.059463018211118546
645,0,0.3951654310540491
646,1,0.6172766286378285
647,0,0.04417543644452871
648,0,0.4729283357046774
649,0,0.04913527695495594
650,0,0.38112732680932787
651,0,0.03905311738543722
652,1,0.9123722644036943
653,1,0.8408264116173835
654,0,0.12971115201093802
655,0,0.23913641879875364
656,0,0.2885894002235211
657,1,0.5875513426203608
658,0,0.12499708682137299
659,0,0.43052616253446946
660,0,0.1508330220596382
661,0,0.16763645092470542
662,0,0.2999679398374381
663,1,0.9869396866616188
664,0,0.337810881969793
665,0,0.08884027383469802
666,1,0.9852367739153216
667,0,0.09794556199053112
668,0,0.2774642387457794
669,1,0.6892034781288653
670,0,0.18003063077753026
671,0,0.15038174868193246
672,0,0.3523156154137296
673,1,0.6565220244782443
674,0,0.1424080724417006
675,1,0.993693002243261
676,0,0.337810881969793
677,1,0.8809682299252451
678,0,0.32281643955864037
679,1,0.9184040312421229
680,1,0.981641288481462
681,1,0.9148621475186165
682,0,0.4679451242936628
683,1,0.9920168439577078
684,0,0.23487733155019414
685,1,0.879706881769715
686,1,0.8845787056597736
687,1,0.895348395835822
688,0,0.3065251919795869
689,0,0.33980803840734847
690,1,0.9933611538205483
691,1,0.8356235501240582
692,0,0.10167746109607438
693,0,0.14816940730909428
694,0,0.3595272433438627
695,1,0.8252482484538185
696,0,0.17695050163164103
697,1,0.8197163950906489
698,1,0.542206309714656
699,0,0.37846927163499966
700,1,0.7980595440245082
701,0,0.46873798179405923
702,1,0.8527806397189767
703,1,0.8377254771500043
704,0,0.37355367795707145
705,0,0.338054581704554
706,1,0.852396775881219
707,1,0.8118144836922101
708,0,0.3432569757787685
709,0,0.4092297391412059
710,1,0.8890916163790799
711,0,0.2437064341583659
712,0,0.32591641268514077
713,0,0.3120193178613473
714,0,0.18962665878180615
715,1,0.8067702283374869
716,0,0.210797119533646
717,1,0.8363183739667952
718,0,0.04412042120578305
719,1,0.5312479906059325
720,0,0.25500624299692254
721,1,0.6303853691812579
722,0,0.41201946428346026
723,0,0.09358088428837735
724,0,0.08657743636128243
725,1,0.5366223810481355
726,1,0.8558364670809221
727,0,0.08113949082697207
728,0,0.4006376603724091
729,1,0.9817076402932494
730,0,0.38281122976203635
731,0,0.18515083943383945
732,1,0.908524579221681
733,0,0.4689964757433445
734,0,0.21426962870022778
735,1,0.9903667995130704
736,1,0.8149269674296058
737,0,0.4962172476228874
738,1,0.9878701714705995
739,0,0.1421594069921556
740,0,0.08535892017300555
741,1,0.6641392338320579
742,1,0.7729374044690399
743,0,0.06672790263311053
744,0,0.13022129334212904
745,0,0.08055351452351898
746,0,0.4229367132551604
747,0,0.04078413605679163
748,1,0.5764487412815273
749,1,0.7623293894386356
750,1,0.9201706216921659
751,0,0.36739161814938853
752,0,0.05470528888221963
753,1,0.9776352922554361
754,0,0.28757936280909574
755,0,0.16494416009761514
756,1,0.5474603671649372
757,0,0.42298976974054164
758,0,0.20708352361173762
759,1,0.9295670230980942
760,0,0.382459463862004
761,1,0.6565220244782443
762,0,0.051638942834179455
763,0,0.3640210578499142
764,0,0.10320271809728686
765,1,0.9457595591429073
766,1,0.9249972221018311
767,0,0.28343670426058887
768,0,0.3067661589568898
769,0,0.49489953962928296
770,1,0.8998562701645084
771,0,0.2760165944340396
772,0,0.07299166001848197
773,1,0.5107416463762877
774,1,0.9023146637692198
775,0,0.07702876951398932
776,1,0.6394650554655145
777,1,0.7193236347329213
778,0,0.486459856098374
779,0,0.20020773322075508
780,0,0.48253798015328125
781,1,0.9882010771794424
782,0,0.053560953967030665
783,0,0.11512795384759623
784,1,0.9906767305117546
785,0,0.17172336618995737
786,0,0.1137299330166356
787,0,0.38071059215756664
788,0,0.32186514344507877
789,1,0.9790326662278944
790,1,0.9319356199852085
791,1,0.5737287762247516
792,1,0.8170282517809948
793,0,0.26036551949467934
794,1,0.8731994622126332
795,1,0.5065393282030676
796,0,0.21804340159962993
797,1,0.9891760656322496
798,0,0.45576090528529944
799,1,0.9782803048323896
800,0,0.2575267336308026
801,0,0.20612779045371554
802,0,0.0740219096199556
803,0,0.23690256189080897
804,1,0.7591302219900153
805,0,0.40103795614755117
806,0,0.14463069302984471
807,0,0.12571269753503897
808,0,0.430252185155845
809,0,0.1614623114232557
810,1,0.8197111180732239
811,0,0.32764841489591634
812,0,0.0833909424528445
813,0,0.1791917094222877
814,0,0.4686704713219693
815,1,0.5549367333642555
816,0,0.3529729926731689
817,0,0.10302406152466619
818,0,0.37476659481571223
819,0,0.09116884107844796
820,0,0.461599781430386
821,0,0.07971419258655722
822,1,0.8648156826624286
823,0,0.14103555372936372
824,0,0.32713899933839424
825,1,0.7303383045371887
826,1,0.911646116192597
827,0,0.3137449884177513
828,1,0.9852822933946395
829,0,0.16623872439770535
830,0,0.09666971334976893
831,1,0.9049078549038027
832,0,0.49007882275272774
833,1,0.7572239986375803
834,1,0.8791594966261466
835,1,0.6925561837392924
836,1,0.5780018505569559
837,1,0.9921103070293156
838,0,0.0901042414877922
839,1,0.9079362758648692
840,1,0.5236013661310907
841,0,0.07467637893731846
842,0,0.24695479543859108
843,0,0.11325434708188481
844,0,0.41020937230432275
845,1,0.786298495381404
846,1,0.9925830941260438
847,0,0.301437826296255
848,0,0.23402014847529268
849,0,0.2136215166270933
850,0,0.07062829126458399
851,1,0.807002717975345
852,1,0.9911970416129554
853,0,0.4076911975819042
854,0,0.31497842324018
855,0,0.0611446477321938
856,1,0.8354453286133646
857,0,0.33481158171981645
858,1,0.8536096534886275
859,0,0.3937615169659587
860,1,0.9819445390804479
861,0,0.1579434689732123
862,1,0.8957472906882415
863,0,0.16858916255222595
864,1,0.9424892041882365
865,1,0.7770519387562278
866,0,0.04703590738070594
867,1,0.5327378807794793
868,0,0.1880741555831752
869,0,0.06751288333062604
870,0,0.4421104607254695
871,0,0.05007905774681919
872,0,0.06589211201101404
873,1,0.8953454850579255
874,0,0.11016505158542665
875,0,0.13435275370953173
876,1,0.9711702225714324
877,0,0.44655400595921574
878,1,0.9773443780630711
879,1,0.7537905379633831
880,0,0.10776562357213557
881,1,0.8681805314705244
882,1,0.9886437544825499
883,0,0.33685092611152
884,1,0.8420096796676529
885,0,0.4862680839251543
886,1,0.7737607469656158
887,0,0.2826151894404813
888,1,0.6573374898156755
889,0,0.31122431629530584
890,0,0.05578789508525078
891,0,0.4905326606693739
892,1,0.500330954185935
893,1,0.9910738490939839
894,1,0.639194029103978
895,0,0.16199473645759976
896,0,0.4923302713210283
897,0,0.306262464464868
898,0,0.4831242191698863
899,0,0.33472807859790443
900,1,0.8555512719485059
901,0,0.35097037106940493
902,1,0.5170508860364915
903,0,0.36118260360474136
904,0,0.4107384681433626
905,1,0.6661029004532019
906,0,0.2494363759559873
907,1,0.630131963078567
908,0,0.2945878232067451
909,1,0.8595103870431312
910,0,0.4177679269230573
911,0,0.04360361239198955
912,0,0.09183375312190356
913,1,0.8500279866305118
914,0,0.042372671706525616
915,0,0.3166518550218611
916,1,0.7832417843929428
917,0,0.04127168176989576
918,0,0.0964123738511678
919,1,0.7840726836347479
920,1,0.8973635994453749
921,0,0.32720216905717775
922,0,0.04560323239613467
923,0,0.36766880125921186
924,0,0.4465938492090057
925,0,0.36584086050699616
926,0,0.0659988522022618
927,1,0.824990733613278
928,0,0.34159819535369573
929,1,0.668362453202646
930,0,0.2988599011814544
931,1,0.8488105815753028
932,0,0.3066677645841505
933,1,0.724540342962719
934,1,0.9719982735813825
935,1,0.8741146153233731
936,0,0.3327718355047912
937,0,0.2615198044371144
938,1,0.9881637830024128
939,0,0.14560730197201358
940,0,0.36437807466591093
941,1,0.9904463414416889
942,0,0.31237471558173713
943,0,0.09268756448360976
944,1,0.5273420985962817
945,0,0.42967933461200125
946,1,0.7945477455987976
947,0,0.337810881969793
948,0,0.30715262923640135
949,0,0.07931456760209453
950,0,0.21821006984147642
951,0,0.21714179444990242
952,1,0.8831900632520174
953,1,0.9112507025700624
954,1,0.5522405825747178
955,0,0.4968015211249562
956,0,0.46132876402026757
957,0,0.2844156109836541
958,0,0.36812713845843253
959,0,0.424053234592628
960,1,0.7759559557332254
961,0,0.4484325345411421
962,0,0.3826473685690081
963,0,0.18558126648708195
964,0,0.32470214291581295
965,0,0.32214678410774766
966,0,0.3721379780732268
967,1,0.8544381572867927
968,1,0.8776999793198674
969,1,0.8741172934915246
970,1,0.8949969439754331
971,1,0.6301954837792202
972,0,0.14663587232836733
973,0,0.46188190389541306
974,0,0.29736043363964004
975,0,0.4980289241560942
976,1,0.7630474613671528
977,1,0.5111464251309938
978,1,0.8532546725162117
979,1,0.7992355435649287
980,0,0.38064039266155836
981,0,0.15624062127418142
982,0,0.24179949342601087
983,0,0.45464503981828636
984,1,0.99147188917303
985,1,0.9404398520562074
986,0,0.31440223981825083
987,0,0.08684857113327259
988,0,0.3697200903113447
989,0,0.04745083599616624
990,1,0.7125713352896091
991,0,0.18665366170158154
992,1,0.7874941685167636
993,1,0.6823020148667012
994,0,0.424905572612233
995,1,0.879713389346744
996,1,0.9689108244884912
997,1,0.6591099404949792
998,1,0.7582138175153194
999,0,0.44425409485702766
1000,1,0.5573064330007356
1001,1,0.7454282767055268
1002,0,0.4183715085379471
1003,0,0.26024627379735166
1004,1,0.6806671562663815
1005,1,0.9342316132438234
1006,1,0.6486309302681351
1007,1,0.8180647606692102
1008,0,0.019061307402136827
1009,1,0.6722971039765032
1010,1,0.9310645555928314
1011,1,0.7005929604391625
1012,1,0.8296285963138429
1013,0,0.04592157978902658
1014,0,0.24298921799822773
1015,1,0.9707544802597595
1016,1,0.6891069898397431
1017,1,0.6031972031483893
1018,1,0.9834834743791686
1019,1,0.6841104722864094
1020,1,0.6192244917404967
1021,0,0.2415026459516104
1022,1,0.6027739454920984
1023,1,0.9893200403505623
1024,0,0.025020000536126838
1025,1,0.843818427852775
1026,0,0.04956162176917617
1027,1,0.6944837139791497
1028,1,0.6376862002181933
1029,0,0.06802008401288627
1030,0,0.26979484698734163
1031,1,0.550385723377589
1032,1,0.6713461560279272
1033,0,0.2906797105048595
1034,0,0.40969672493031833
1035,1,0.8972933218839442
1036,1,0.5018739054990778
1037,0,0.04197713260820505
1038,1,0.9896467454835591
1039,1,0.8294247290783374
1040,0,0.24576042977748197
1041,0,0.27861123887446565
1042,0,0.025450970030743866
1043,0,0.42402177647900846
1044,0,0.04993737217083663
1045,0,0.252396845694717
1046,0,0.3228493649675051
1047,1,0.6094611430472947
1048,1,0.6342914048368175
1049,0,0.48251564281380904
1050,0,0.290269166530918
1051,1,0.9892529161544188
1052,0,0.1789378017136222
1053,1,0.9893900121985686
1054,1,0.6667823358594827
1055,1,0.7673830256681498
1056,0,0.27861123887446565
1057,0,0.27567178922381225
1058,1,0.7029660732852947
1059,0,0.27179396712163495
1060,1,0.6817876473226334
1061,0,0.033332349466799624
1062,0,0.24725228060899723
1063,0,0.16315361759464672
1064,1,0.529912325074109
1065,0,0.3045860453102549
1066,0,0.4018894667014585
1067,1,0.8381484043305839
1068,1,0.9738840114466861
1069,0,0.24135714877526074
1070,1,0.6913652487733416
1071,1,0.5280918662416968
1072,1,0.6706998195768997
1073,1,0.7509227587045371
1074,1,0.7256824146426529
1075,0,0.24135714877526074
1076,0,0.26196196690246926
1077,0,0.0538648139146612
1078,1,0.6444221346068424
1079,1,0.8972933218839442
1080,1,0.9895346376098336
1081,1,0.9298787509587839
1082,1,0.9876450506822324
1083,0,0.3376415095202072
1084,0,0.42513930491783664
1085,0,0.2826952478985456
1086,0,0.3080090844935705
1087,0,0.043626812702256615
1088,1,0.8110465839176709
1089,0,0.28819042137082346
1090,1,0.882368222432317
1091,0,0.33845064093833405
1092,0,0.18318566518395218
1093,0,0.2645824832964037
1094,0,0.3289088068732304
1095,0,0.02665734562601636
1096,0,0.3946718698925457
1097,0,0.238423411472876
1098,0,0.049474629866584977
1099,0,0.05774411471794852
1100,0,0.3289088068732304
1101,1,0.7572231860337975
1102,0,0.23370014395272587
1103,0,0.2951714426186724
1104,1,0.7619223573897953
1105,0,0.05219477118884351
1106,0,0.033826141478650464
1107,0,0.4863485796476261
1108,0,0.21870529794636306
1109,1,0.9646453932167518
1110,1,0.8290507823089137
1111,0,0.3461548081489273
1112,0,0.33100200470256297
1113,1,0.9897386071244619
1114,0,0.1870898194657974
1115,0,0.04896953050524873
1116,1,0.9943832068288692
1117,1,0.7061031417519652
1118,0,0.07269111150862609
1119,0,0.2945551219700603
1120,0,0.2556468404427253
1121,1,0.6216005385324499
1122,0,0.01842929239668064
1123,0,0.2435877390371696
1124,0,0.21773933525838612
1125,1,0.8436670646637998
1126,1,0.882506449090066
1127,0,0.3455899705995112
1128,0,0.24814348386474652
1129,0,0.033271999228523676
1130,1,0.9926952976218332
1131,0,0.07991420785890326
1132,0,0.04003002114122655
1133,0,0.26879498741431007
1134,0,0.04132994978307024
1135,0,0.20469913791614222
1136,0,0.24337793422498252
1137,1,0.9950468758888069
1138,0,0.034243591745490104
1139,1,0.7930257561257585
1140,0,0.27688087170362236
1141,0,0.26721929671682304
1142,0,0.29271698635706844
1143,0,0.49187990193022874
1144,1,0.9950312704977962
1145,0,0.09882646328420447
1146,1,0.7598418600206898
1147,1,0.8653503069311889
1148,0,0.4335573132887396
1149,0,0.2144234859373294
1150,0,0.24725228060899723
1151,0,0.3149381414014982
1152,0,0.2770351738541313
1153,0,0.024506933799773305
1154,1,0.8451977933095345
1155,1,0.9077188068424596
1156,1,0.8912395132804694
1157,1,0.8712896203876249
1158,1,0.8111126413624898
1159,1,0.5297949053397865
1160,1,0.7225766737570778
1161,1,0.7452363789714772
1162,0,0.30295306755567664
1163,1,0.7582516958765126
1164,1,0.730892446500424
1165,1,0.9636254924550619
1166,0,0.2287584166914452
1167,0,0.12329763774518075
1168,0,0.39259041923139104
1169,0,0.4011793985923333
1170,0,0.14067832591987015
1171,1,0.6297053796893862
1172,1,0.9925414760283708
1173,1,0.721171324254232
1174,0,0.1330027924575576
1175,0,0.09939245162890573
1176,0,0.2884636373945552
1177,0,0.051581482673261916
1178,0,0.03275477303814101
1179,0,0.25317299994756054
1180,1,0.754187607184382
1181,1,0.8970753878195461
1182,0,0.29000114112990394
1183,0,0.03811288996629787
1184,0,0.2711399297163529
1185,0,0.0347659534452328
1186,0,0.2177613397331443
1187,1,0.5524647546703761
1188,0,0.39999342287079515
1189,1,0.7584949263383172
1190,0,0.36887625299479637
1191,1,0.8017801899139823
1192,0,0.17485916696104664
1193,0,0.22015129019273258
1194,0,0.240974548110287
1195,0,0.030216174544594573
1196,0,0.15977898019286935
1197,0,0.0553307218955014
1198,0,0.38137314175537157
1199,0,0.19045928825830838
1200,0,0.37705056953532357
1201,1,0.9067131899300181
1202,0,0.2162230401387231
1203,0,0.4936568912573866
1204,0,0.2889563099340702
1205,1,0.8071412367431835
1206,0,0.4247514441017103
1207,1,0.6223607672450673
1208,1,0.5662987252853402
1209,0,0.05391092081743189
1210,1,0.6473337395236071
1211,1,0.8267049411289622
1212,1,0.8365987097455414
1213,0,0.41063970359595503
1214,0,0.21905653477827974
1215,0,0.08996221839373116
1216,1,0.8665902623111884
1217,0,0.18375639284078574
1218,0,0.2030428373169078
1219,1,0.8420432307860051
1220,0,0.12667535932812551
1221,1,0.8050069686271589
1222,0,0.23677218458093294
1223,1,0.9853116768564378
1224,0,0.3179090795059679
1225,1,0.7813022643180777
1226,1,0.9672339164345028
1227,0,0.3974781786170892
1228,0,0.4596162909411663
1229,0,0.20732360248816073
1230,1,0.9920647534495872
1231,0,0.1508484869726308
1232,1,0.5500516848005048
1233,0,0.3606314008580999
1234,0,0.04066703632660063
1235,1,0.6014694842042254
1236,0,0.3842243335007047
1237,0,0.49866589659194077
1238,1,0.987870162766323
1239,0,0.4052006091161743
1240,0,0.18692306005011108
1241,0,0.1885647046235661
1242,0,0.28830469428408406
1243,0,0.28800787380979836
1244,1,0.578612058634062
1245,0,0.2037102303722213
1246,0,0.03797203487814772
1247,0,0.14066654952235422
1248,1,0.9788547809494359
1249,0,0.4042909710941341
1250,0,0.19856930340708556
1251,0,0.21149953626639817
1252,1,0.8161896958401309
1253,0,0.3130406295169568
1254,1,0.8098507323618174
1255,0,0.18660270606205223
1256,0,0.47790727652875403
1257,1,0.5238303255738029
1258,1,0.988151374017726
1259,1,0.9643449237341722
1260,1,0.7575203189843888
1261,1,0.7427981445470233
1262,0,0.1171610622241323
1263,0,0.2793825788128179
1264,1,0.9309554816511598
1265,0,0.14526209807038207
1266,1,0.8317606108275295
1267,0,0.37038557335834355
1268,0,0.03496922544320422
1269,0,0.2735358986879956
1270,0,0.15899606624455992
1271,0,0.17452864706147897
1272,1,0.6778905280444445
1273,0,0.25337754947565044
1274,0,0.3083659533132554
1275,0,0.31626061115796694
1276,0,0.1145956484596566
1277,1,0.856212394056458
1278,0,0.12111922365028654
1279,0,0.22533343287985994
1280,0,0.3064808457874383
1281,0,0.05901034085400197
1282,1,0.5875608839910836
1283,0,0.21601303552115034
1284,1,0.7506348214808867
1285,0,0.3108434427091105
1286,0,0.07131853593293662
1287,0,0.12913820768980497
1288,1,0.5614544893327953
1289,1,0.7927656054368458
1290,1,0.8224787274046763
1291,1,0.8842273498117392
1292,0,0.20607945758029456
1293,0,0.19765242329087382
1294,0,0.1989517485660118
1295,0,0.3482122725434019
1296,0,0.3102246591424644
1297,1,0.8529985719138715
1298,1,0.8750260390809229
1299,0,0.2464728751347057
1300,0,0.17422122952883617
1301,0,0.28868585319734535
1302,1,0.6845079472037219
1303,1,0.7175712899945044
1304,0,0.013040662998491664
1305,0,0.3333752664105826
1306,0,0.3725942684124582
1307,0,0.26150810309808575
1308,1,0.8144775242839056
1309,1,0.617879017769966
1310,1,0.8231939848008919
1311,0,0.33488732729304493
1312,0,0.40240777356839064
1313,0,0.12720121138584678
1314,0,0.2085914317211411
1315,0,0.2897760063881373
1316,0,0.17760730243845002
1317,0,0.23356866197399606
1318,0,0.3815262608310725
1319,0,0.2099390342266319
1320,0,0.1398019611622739
1321,0,0.16087207563671838
1322,0,0.11681063948244182
1323,0,0.4625789436125296
1324,0,0.11979442505316948
1325,0,0.08144482903530313
1326,0,0.1289622788314964
1327,0,0.20597202626493197
1328,0,0.20999709253550894
1329,1,0.8506727338428551
1330,0,0.11686665512321157
1331,1,0.8960304902986613
1332,0,0.10419009884687205
1333,0,0.27071855276054313
1334,0,0.15846475864568993
1335,0,0.06732051881588991
1336,0,0.20582311662808744
1337,1,0.7759391931846858
1338,1,0.6618406834551892
1339,0,0.28344480893987206
1340,1,0.8610056135200668
1341,1,0.7578572195310921
1342,0,0.18021390801974915
1343,0,0.39598585750642684
1344,0,0.245489856176969
1345,0,0.3071903278103223
1346,0,0.3025114218259585
1347,0,0.20750608219755853
1348,1,0.6958413124011587
1349,0,0.27131243300911717
1350,0,0.04333180066412013
1351,0,0.2889433406837047
1352,1,0.7939807553906505
1353,0,0.2871371497574799
1354,0,0.05986348523808814
1355,0,0.299986433223147
1356,1,0.8393590811551294
1357,0,0.034370636158050055
1358,1,0.8022044103772656
1359,0,0.34769600064907896
1360,1,0.6378552985969644
1361,0,0.1939238318353412
1362,0,0.3004530432339301
1363,1,0.7529937668644844
1364,1,0.7867696598834903
1365,1,0.8587774358466902
1366,0,0.2541182050068805
1367,0,0.38226422534595184
1368,1,0.7506704118441535
1369,0,0.4154700467295188
1370,0,0.09244232670047985
1371,0,0.18965758253823195
1372,1,0.9667619983946484
1373,0,0.1919562598111669
1374,0,0.05175137308616883
1375,0,0.3338299097042869
1376,0,0.2999783924249331
1377,0,0.3347101852893374
1378,0,0.1825162959543065
1379,0,0.4462070003645468
1380,0,0.20279609929524567
1381,0,0.4026934057839381
1382,0,0.1927024686924888
1383,1,0.7469772016538376
1384,1,0.8132553406443767
1385,0,0.1696864659269638
1386,1,0.8556897094489491
1387,0,0.23248584725669555
1388,1,0.6630483252243649
1389,0,0.12053242771316992
1390,0,0.20749331705498614
1391,0,0.1473395554305665
1392,1,0.7545635522745051
1393,1,0.8819343671423683
1394,0,0.44934970587425216
1395,1,0.8357190213219677
1396,0,0.3341759900867221
1397,1,0.5319028006427925
1398,0,0.0773769828148367
1399,0,0.13166950835837757
1400,0,0.2065792772424583
1401,1,0.8656479272333258
1402,1,0.6908794620526206
1403,0,0.14024243682732718
1404,0,0.1801888115518614
1405,0,0.2125555927273085
1406,0,0.21060529350184506
1407,0,0.10182238861061076
1408,1,0.838424596354264
1409,0,0.34964478998410525
1410,0,0.19986850624362273
1411,0,0.24348915807698898
1412,0,0.03886705102447585
1413,1,0.7900535115782622
1414,0,0.09126611133824208
1415,0,0.49687338653279084
1416,0,0.33889149944189007
1417,1,0.8554398310116617
1418,1,0.7198546192055597
1419,1,0.5290609676958059
1420,1,0.5213115696932595
1421,1,0.6329254878970779
1422,1,0.6814263356419573
1423,1,0.8756034871472157
1424,1,0.7995822580103098
1425,0,0.03420820220380544
1426,1,0.545048959510895
1427,0,0.22832943043752496
1428,1,0.5971576950879778
1429,0,0.06515109651225032
1430,0,0.20714686027123333
1431,0,0.1504388637147376
1432,0,0.2142091083583552
1433,0,0.42881381361993726
1434,0,0.07348075063299361
1435,1,0.7049293479517983
1436,1,0.7472289128870051
1437,0,0.2160439917755017
1438,0,0.03496922544320422
1439,0,0.3071455674772687
1440,0,0.17470373492550745
1441,1,0.600053336599815
1442,0,0.36967330752312366
1443,1,0.7794268180620211
1444,0,0.11847019878157072
1445,0,0.4210185882976837
1446,0,0.19011375449840728
1447,0,0.18530432974601263
1448,0,0.26026785977769706
1449,0,0.36143588802511645
1450,0,0.19417860908084267
1451,0,0.23382201763224855
1452,0,0.1769018787762794
1453,0,0.19904654914844136
1454,1,0.9781145740604812
1455,0,0.20552320860767206
1456,0,0.04134290301139392
1457,0,0.32048197091238817
1458,1,0.7931394093911525
1459,0,0.2782838953431678
1460,0,0.36058748937014506
1461,0,0.23172174130788323
1462,1,0.8966304928450743
1463,1,0.8866867954204598
1464,1,0.7905959177247682
1465,0,0.08569847330696963
1466,0,0.2660013693018616
1467,0,0.4614862638232824
1468,0,0.05737061450109814
1469,0,0.05622346887751046
1470,0,0.3271591230390843
1471,0,0.14431576773728508
1472,0,0.20099236099796125
1473,0,0.06364486092918445
1474,0,0.035115252956616286
1475,0,0.21763382378008117
1476,0,0.28545005913338806
1477,0,0.22163198863429842
1478,0,0.3075994636609855
1479,1,0.8196661218405432
1480,0,0.2876345455867887
1481,0,0.21145476235484117
1482,0,0.13550996399449897
1483,1,0.5735737708971694
1484,1,0.9859442569709624
1485,0,0.21060529350184506
1486,0,0.49803865214736004
1487,0,0.20969639935059678
1488,0,0.15007793531816674
1489,0,0.34027824039911303
1490,0,0.495437043494197
1491,0,0.3708255698035174
1492,0,0.0742393072173982
1493,0,0.036751124362496695
1494,0,0.06273637395077268
1495,0,0.20974872032245018
1496,1,0.7224122454432209
1497,0,0.3877113299965441
1498,1,0.6964498528374355
1499,0,0.14066312718424953
1500,0,0.34857331922733126
1501,0,0.34004342250247666
1502,1,0.7586117174934356
1503,0,0.4226396568925822
1504,0,0.2729060120821531
1505,0,0.23163200565069436
1506,0,0.10872643300463386
1507,0,0.2774078659001907
1508,1,0.7225904340767388
1509,0,0.3844823484123605
1510,1,0.6508146632473132
1511,0,0.2639470410076679
1512,0,0.05410745105493029
1513,0,0.3927648626950955
1514,1,0.582945226391699
1515,0,0.18479659876387144
1516,0,0.18896603744513144
1517,1,0.968060958742352
1518,0,0.03506185559728926
1519,0,0.3624137092203501
1520,0,0.3098587981037396
1521,0,0.21371136975988053
1522,1,0.8483774500823508
1523,0,0.07264025992281688
1524,1,0.6818127700731546
1525,0,0.09978902627059902
1526,0,0.18832816641982228
1527,0,0.4307716997795724
1528,0,0.27453375529422064
1529,0,0.21069414290249222
1530,0,0.14043897224649163
1531,1,0.5862876468301341
1532,1,0.625228799376115
1533,1,0.5674653007770816
1534,0,0.27837963099809915
1535,0,0.26924699855509276
1536,0,0.48163643820936664
1537,0,0.0899467852310267
1538,0,0.36113881830692524
1539,0,0.26231375801255746
1540,1,0.7017358528266228
1541,0,0.12560572757715696
1542,1,0.9885529082311066
1543,1,0.8994428067343931
1544,1,0.517437061828778
1545,0,0.21988089142036502
1546,0,0.4710307552326375
1547,0,0.31732898587786096
1548,1,0.800050062475115
1549,0,0.20577361235885716
1550,0,0.08487109330572581
1551,1,0.737766285251244
1552,1,0.8648379851380831
1553,1,0.6873338583972388
1554,1,0.7957017382285742
1555,0,0.4485957561318857
1556,1,0.5388669053405255
1557,0,0.33005941741091244
1558,1,0.6392183029250368
1559,1,0.8066137165379283
1560,0,0.21382008137214448
1561,0,0.37463216327384574
1562,0,0.27244826478356865
1563,0,0.26703676922025554
1564,0,0.05169100538087806
1565,0,0.39156472527530173
1566,0,0.21198563298613113
1567,1,0.9932019841125524
1568,1,0.6497355319961375
1569,1,0.8644864167559373
1570,1,0.8456838641873109
1571,0,0.20626601576223613
1572,0,0.2160911819072237
1573,1,0.5967528443942537
1574,0,0.24617407749150325
1575,1,0.7940641978976987
1576,0,0.06048320930182529
1577,0,0.34540823351906375
1578,0,0.25295243411621887
1579,0,0.4861264631217389
1580,0,0.17626459310110928
1581,0,0.27449065997452254
1582,0,0.19004414804921377
1583,0,0.09959583168434868
1584,0,0.23741271053111337
1585,0,0.16847530837759941
1586,0,0.1668584545365528
1587,0,0.23245062874200864
1588,0,0.1326577506223659
1589,0,0.018391436280357876
1590,0,0.3576611524957851
1591,0,0.11312859261578717
1592,0,0.30699271098844655
1593,0,0.1904960002625909
1594,0,0.23324386511527084
1595,0,0.18922927308006815
1596,0,0.4201678133452722
1597,0,0.43510916063026617
1598,1,0.8238430551352305
1599,1,0.9078725926253538
1600,0,0.19407376323471426
1601,0,0.07330591653032441
1602,1,0.8988726125604968
1603,0,0.04048916676634906
1604,0,0.16133920871074794
1605,0,0.17209551029501585
1606,0,0.09184044419390269
1607,1,0.9211499251019254
1608,1,0.833153251368821
1609,0,0.27166742937408567
1610,1,0.6652443501880067
1611,1,0.7082986363390793
1612,1,0.876841410146279
1613,1,0.527288387015626
1614,1,0.7846587872676773
1615,1,0.8201267302065837
1616,1,0.9470493414431053
1617,1,0.8327703052995119
1618,1,0.9957945514429428
1619,0,0.43691986188955784
1620,1,0.7339360994378225
1621,1,0.5122017497234431
1622,1,0.8329654847106753
1623,1,0.5644287851634912
1624,1,0.9626450635984365
1625,1,0.5195096636850959
1626,0,0.39622212067033497
1627,1,0.64049447932916
1628,1,0.8982888642054986
1629,1,0.5018927895200612
1630,1,0.7110025464208702
1631,1,0.5835160340339541
1632,0,0.32730137259915276
1633,0,0.3113386036672681
1634,1,0.897503240377263
1635,1,0.6445715119716955
1636,1,0.8707678638145725
1637,1,0.8689935880471167
1638,1,0.8707678638145725
1639,1,0.8690926484584901
1640,1,0.5918377322383641
1641,0,0.28577672596234394
1642,1,0.8113392901738102
1643,0,0.21674410711940073
1644,1,0.6812929399702207
1645,1,0.9778642829264916
1646,0,0.33214038731522233
1647,0,0.170830258003435
1648,0,0.18275891915023312
1649,0,0.16817042894136958
1650,0,0.1670182276444505
1651,0,0.18154368002945062
1652,0,0.18370176246012954
1653,0,0.13109391041848237
1654,0,0.17075572612262918
1655,0,0.13470503895819552
1656,0,0.16578467913071387
1657,0,0.18370176246012954
1658,0,0.1814344365629984
1659,0,0.1467425986960722
1660,0,0.18275891915023312
1661,0,0.2647191644883672
1662,1,0.6733611982661176
1663,0,0.18275891915023312
1664,1,0.9093663135430395
1665,0,0.20086817603370244
1666,0,0.1658125875820132
1667,1,0.8611194418047531
1668,0,0.1818067573786119
1669,1,0.8482638052747807
1670,0,0.1465127987090524
1671,0,0.4876430311689588
1672,0,0.24250937928254085
1673,1,0.6831110961327483
1674,0,0.18503905512620258
1675,1,0.6119224793719398
1676,0,0.17546561644055214
1677,1,0.5543442280488344
1678,0,0.19013851114154523
1679,0,0.176861724850206
1680,0,0.1670182276444505
1681,0,0.3146585380754958
1682,0,0.13246275876299898
1683,0,0.1556664899882852
1684,0,0.170830258003435
1685,1,0.504403332498494
1686,1,0.7803792990308721
1687,0,0.1380866259424013
1688,0,0.4984085556061266
1689,1,0.7543264614602248
1690,0,0.06244135654670306
1691,1,0.78046965503197
1692,0,0.0899852225133169
1693,0,0.2959838789048975
1694,0,0.4089490515876043
1695,0,0.3554673965442124
1696,1,0.6009949374808947
1697,1,0.6643044478649314
1698,1,0.5910651103632837
1699,0,0.366154306155199
1700,1,0.9287612629198067
1701,0,0.4894421306725467
1702,1,0.6665387415156143
1703,1,0.9430403142616829
1704,0,0.1853057086426478
1705,0,0.10006194815691005
1706,1,0.7707409453343802
1707,0,0.21316735844267654
1708,1,0.6667078042755687
1709,0,0.1918523034688144
1710,1,0.870547067660122
1711,0,0.13343663638894285
1712,1,0.7206426451036313
1713,0,0.4793054470019529
1714,1,0.7567250390771464
1715,1,0.7860701650325274
1716,0,0.05467471718913646
1717,1,0.7207326148044741
1718,0,0.03071666298318163
1719,0,0.29255975616106183
1720,0,0.1488248696118916
1721,0,0.01134104383957967
1722,0,0.1423543607832635
1723,0,0.1554970665090342
1724,0,0.22802915309049368
1725,0,0.24531147832961875
1726,0,0.043671645742893186
1727,1,0.7049876778232823
1728,0,0.02426330374747279
1729,1,0.7094317785513192
1730,1,0.7348297946407032
1731,0,0.16838377100394683
1732,1,0.7141874955367422
1733,0,0.05554360418616338
1734,0,0.17663363897982615
1735,1,0.8503592650147253
1736,0,0.18282585629945045
1737,1,0.9733107735020899
1738,1,0.8721289955877186
1739,0,0.3112577274161284
1740,1,0.8896159069751192
1741,1,0.8647677993554844
1742,1,0.704960808016768
1743,0,0.49213448729392917
1744,1,0.5129723663112405
1745,1,0.7893377018824236
1746,1,0.9544800511738792
1747,0,0.10336798472549157
1748,1,0.7155842564412481
1749,1,0.7956668730205745
1750,1,0.8574572685334556
1751,1,0.757350006003998
1752,0,0.05771428223353312
1753,1,0.660099722093637
1754,0,0.12038564613982339
1755,1,0.9746548169108196
1756,0,0.42598443370791705
1757,1,0.9766436509197538
1758,1,0.7584763523367045
1759,1,0.9315063580787855
1760,1,0.7459981124498191
1761,0,0.4393349638905334
1762,0,0.07229587488470564
1763,0,0.33328882468328713
1764,1,0.9088573230762134
1765,1,0.9088573230762134
1766,1,0.8329848543788019
1767,1,0.7146810301455653
1768,1,0.6120440504993989
1769,1,0.5330501629485923
1770,1,0.5330501629485923
1771,1,0.7551876403198851
1772,1,0.6319962158249626
1773,0,0.2728638780558903
1774,1,0.6552331528846511
1775,1,0.982848441680901
1776,0,0.13947102067312545
1777,1,0.7307479968085622
1778,1,0.5800958465430041
1779,0,0.04886426076850546
1780,0,0.30640216160584133
1781,1,0.8901240506444856
1782,0,0.4862237873539857
1783,1,0.8276500201822279
1784,0,0.17002216358834898
1785,1,0.7362050498607378
1786,1,0.9864244502215211
1787,0,0.1684626931704169
1788,0,0.15937958322931844
1789,0,0.3140258028104091
1790,0,0.26417175134638016
1791,1,0.6182197446297332
1792,0,0.13213534516529823
1793,1,0.8276095032722548
1794,0,0.15518764368722474
1795,0,0.03820314717685173
1796,1,0.9403236411393893
1797,0,0.3977190704142844
1798,0,0.13812569566220426
1799,1,0.7608303497366724
1800,0,0.17465466069011448
1801,0,0.17138357152244627
1802,1,0.8530306626183242
1803,0,0.2330279353436213
1804,0,0.22796626300543837
1805,1,0.6829783339862505
1806,1,0.8348165702364011
1807,0,0.22595325961522747
1808,1,0.8906968830096119
1809,0,0.17539001655886516
1810,1,0.8836333922130395
1811,0,0.1739239195442372
1812,1,0.8328904006872873
1813,0,0.20255045038722713
1814,0,0.3415462698161867
1815,0,0.37782498159634603
1816,1,0.9764040529588013
1817,1,0.9357653585715009
1818,1,0.9815778740137947
1819,0,0.3557282904509914
1820,1,0.9163961479468317
1821,1,0.9673211305873674
1822,1,0.5455698526021686
1823,0,0.08864570508038203
1824,1,0.9048705487226792
1825,1,0.7396536515439404
1826,1,0.8376475776546355
1827,1,0.8547969011594859
1828,1,0.8888834965532131
1829,0,0.12315539383517864
1830,1,0.8065165238842127
1831,1,0.9602207972073455
1832,0,0.16584635908970513
1833,1,0.7700849197729103
1834,1,0.9495123358445081
1835,0,0.02465960916194663
1836,0,0.22849310479574206
1837,0,0.2807680835160471
1838,0,0.26331793455947117
1839,0,0.11691602460030313
1840,1,0.8199353420477715
1841,1,0.8383931288618959
1842,1,0.8165514296872388
1843,1,0.8533530220682423
1844,0,0.3427114886887239
1845,0,0.4843994862687354
1846,1,0.8348136645845103
1847,1,0.7361483717384723
1848,0,0.2772390834035785
1849,0,0.12149764439079658
1850,0,0.04677397217609815
1851,0,0.2994027361894886
1852,1,0.9683792159702016
1853,0,0.2207665183577502
1854,0,0.2886155758268849
1855,0,0.2115061711652327
1856,1,0.8261913685853375
1857,1,0.6577020028698761
1858,1,0.7281976203476435
1859,1,0.9181247987548794
1860,1,0.8475958459326443
1861,1,0.7705975172443226
1862,1,0.5239857017254808
1863,1,0.8188585650927211
1864,0,0.11446635688842592
1865,1,0.9070453180472282
1866,1,0.819943970875446
1867,0,0.18620411066539397
1868,1,0.8794735289184485
1869,1,0.6043242138791213
1870,0,0.04418409778724034
1871,0,0.2961440677238962
1872,0,0.3193279755745789
1873,0,0.2671145672697078
1874,0,0.3611265024154056
1875,0,0.07089260107053623
1876,1,0.7303606676635134
1877,1,0.667190620960754
1878,1,0.7701339747340783
1879,0,0.307848549410188
1880,0,0.17307769732201606
1881,1,0.8708228652708583
1882,1,0.7885159369931923
1883,0,0.15651387081587073
1884,0,0.3997617810582262
1885,0,0.179171733445443
1886,0,0.29173131246344025
1887,0,0.206640505297551
1888,0,0.11965453857304667
1889,1,0.5869559499437919
1890,1,0.7385932888370674
1891,1,0.7000005991367998
1892,0,0.025967223801601887
1893,1,0.7117422300558907
1894,1,0.7017657313066299
1895,0,0.057607218056886574
1896,1,0.6893347861208038
1897,1,0.5477409840945165
1898,1,0.6893347861208038
1899,1,0.5223088093936824
1900,1,0.7946615727905177
1901,1,0.8961062439584294
1902,1,0.6653996006335364
1903,1,0.9672547297813298
1904,1,0.8281620478488438
1905,0,0.4109109227783111
1906,1,0.9103195418321611
1907,1,0.8545039364430833
1908,1,0.622211524304205
1909,1,0.9740133661908952
1910,1,0.988063581855165
1911,0,0.0982931556460731
1912,1,0.6501532194660581
1913,1,0.8588062797238991
1914,1,0.7016565328968803
1915,1,0.7925176680685305
1916,0,0.23897874344263562
1917,1,0.784086939843072
1918,1,0.7007672733806625
1919,1,0.8256022283793887
1920,1,0.7616670449322517
1921,0,0.02294711202582558
1922,0,0.32010256935185827
1923,0,0.12640835469664258
1924,1,0.7563737222866544
1925,1,0.6764039307042425
1926,1,0.6308430500767936
1927,1,0.7198708402078744
1928,1,0.8296017059121171
1929,0,0.3341026015638478
1930,1,0.8752261346368468
1931,1,0.9178312002415927
1932,0,0.20182495330225453
1933,1,0.67565738042847
1934,1,0.9019727816302552
1935,1,0.8049928036136511
1936,1,0.8526077802186919
1937,1,0.8235075760406058
1938,1,0.8443478582130203
1939,1,0.8699958931476942
1940,1,0.6179444456553681
1941,0,0.32285532101810055
1942,1,0.5677715975660351
1943,1,0.8600157235079005
1944,0,0.2301828745174181
1945,1,0.7303833999903365
1946,1,0.8505582097215002
1947,1,0.7449617205337373
1948,1,0.8085396809481851
1949,0,0.15483463382721524
1950,0,0.060599337219994984
1951,1,0.6188097131636263
1952,0,0.188717119044882
1953,0,0.4863076718528012
1954,1,0.9597989138755957
1955,1,0.7138594510676218
1956,0,0.4514208858181627
1957,1,0.9522819383905486
1958,1,0.7788304380769592
1959,1,0.7331406239335905
1960,1,0.8075834594836602
1961,1,0.6947983959986703
1962,1,0.7958406337570438
1963,1,0.9723443511671659
1964,1,0.9859791968672051
1965,0,0.05879789202034807
1966,1,0.5260430514417943
1967,1,0.6671052355566601
1968,1,0.7888637555754494
1969,1,0.7557884892451512
1970,1,0.8169846227677207
1971,1,0.6804598289632724
1972,0,0.43094256611217246
1973,1,0.6945260639332688
1974,1,0.7801118047287854
1975,1,0.8186665224960324
1976,0,0.27073240547321775
1977,1,0.7531216137447783
1978,1,0.9099378479352443
1979,0,0.4009570513845418
1980,1,0.7404073607353808
1981,1,0.8470031311774561
1982,1,0.9650664950256075
1983,1,0.9042590095138866
1984,1,0.7980015142075124
1985,1,0.7179733427674125
1986,0,0.2944257668637926
1987,0,0.43108280184822356
1988,1,0.714921825842828
1989,1,0.6657773525224661
1990,0,0.31159888073361847
1991,1,0.7813527861725793
1992,1,0.9746150486084313
1993,1,0.7191959283747198
1994,1,0.6668399215625047
1995,0,0.2216553866051017
1996,1,0.69562476691858
1997,1,0.5984196029190795
1998,1,0.8640178067455533
1999,0,0.3751434706766953
2000,1,0.7988563599978903
2001,0,0.3226196373562797
2002,1,0.7887363363296237
2003,0,0.1790973932788085
2004,1,0.7869976837852769
2005,1,0.9879281720883026
2006,1,0.7626282517957589
2007,1,0.6979033253919137
2008,0,0.18559658424811065
2009,1,0.987065477878101
2010,1,0.9774523404454953
2011,0,0.3171682948039584
2012,1,0.9930690986551555
2013,0,0.22203898457982327
2014,0,0.23551202237865523
2015,1,0.8807970185137712
2016,1,0.9360373512728247
2017,1,0.8544569236501867
2018,1,0.906792194406004
2019,1,0.5274908251704231
2020,1,0.9443632979667412
2021,1,0.7700136334510382
2022,1,0.9724298472796142
2023,1,0.8554115636390525
2024,0,0.08403647541529101
2025,0,0.03618604438178169
2026,0,0.1320163831407858
2027,0,0.15496629156689823
2028,1,0.8298054104135918
2029,1,0.8285591610414579
2030,1,0.7717588461827004
2031,1,0.518462567427551
2032,1,0.8986124868666785
2033,0,0.19185721963390567
2034,0,0.018932752732874987
2035,0,0.10295309320212287
2036,0,0.18799332766045684
2037,0,0.16549274108138945
2038,0,0.027515120982259302
2039,0,0.42036942903385344
2040,0,0.06538705716899662
2041,0,0.31595172182109704
2042,1,0.6839153619420244
2043,1,0.7031660275323992
2044,0,0.1191304011743227
2045,0,0.18818760383310926
2046,0,0.3741181077291926
2047,1,0.8340161960824646
2048,1,0.7411202436830202
2049,0,0.15652860648214584
2050,1,0.7779826966666689
2051,1,0.8893796654453187
2052,0,0.09275926867459211
2053,0,0.20078716153816117
2054,0,0.4264588439011805
2055,0,0.20101929760539536
2056,1,0.9440286187775376
2057,1,0.8046053067947077
2058,0,0.1662339827361921
2059,1,0.6169618803489607
2060,0,0.0767195055024881
2061,0,0.32558743491474096
2062,1,0.8188218873299145
2063,1,0.8217697498058117
2064,1,0.7383487296393669
2065,0,0.48677553870967455
2066,1,0.7839704906233823
2067,1,0.7685267055259783
2068,0,0.0880077468161621
2069,1,0.7700763463028801
2070,1,0.6770404538512484
2071,1,0.8013498733806528
2072,0,0.0873554457856132
2073,0,0.09076915603465957
2074,1,0.8652069438561525
2075,0,0.2228721722988123
2076,0,0.024867205526468907
2077,1,0.763194432718708
2078,1,0.9431963728887984
2079,1,0.7694639829008447
2080,1,0.7844899891137433
2081,1,0.6655186731050621
2082,1,0.8936465675309385
2083,1,0.8210286232248986
2084,1,0.8553283551264651
2085,1,0.895743356801177
2086,1,0.8778607255837518
2087,1,0.8097128313006909
2088,1,0.8553283551264651
2089,0,0.3688384238890944
2090,0,0.3690693894554634
2091,0,0.48490662857841016
2092,1,0.8097128313006909
2093,1,0.664931818245659
2094,1,0.7586881683388219
2095,0,0.16052152353959462
2096,1,0.7565855125641519
2097,1,0.5091460232492631
2098,0,0.19482381017102796
2099,1,0.9211905180921285
2100,1,0.538460181204078
2101,0,0.17104428414461484
2102,0,0.16837064877765154
2103,1,0.7998326621117423
2104,0,0.18104911446096678
2105,0,0.18020784086295819
2106,0,0.11719650829154937
2107,0,0.04014015211541375
2108,0,0.10260465005248896
2109,1,0.8119361570649017
2110,1,0.7037136013791084
2111,1,0.8999470681241067
2112,1,0.8005847145865538
2113,1,0.640081123882478
2114,0,0.13321012374904886
2115,1,0.7704491232588849
2116,0,0.2930492535304741
2117,0,0.14178065405096327
2118,0,0.17084588664947417
2119,0,0.3699321969437623
2120,1,0.749600912812611
2121,1,0.7959550413319249
2122,1,0.8300838464935012
2123,1,0.9108096575166663
2124,1,0.8491547527251315
2125,1,0.9876692077098405
2126,1,0.6561381634487287
2127,1,0.8186653418459254
2128,1,0.7141367076275831
2129,1,0.7696320535620073
2130,0,0.054297392127379975
2131,0,0.2337376901174824
2132,0,0.08013234063367809
2133,0,0.07495708883505174
2134,1,0.864269153497688
2135,0,0.33438294220372117
2136,0,0.35337719451440264
2137,1,0.6384505819968728
2138,1,0.5545793791683963
2139,1,0.9871379983436164
2140,1,0.9398158316001999
2141,0,0.3415501792393767
2142,1,0.9600123163956985
2143,1,0.7658553672610172
2144,1,0.8744899023366125
2145,1,0.9643141598471127
2146,1,0.9767631319725139
2147,1,0.7531579287491411
2148,1,0.8640150076801822
2149,1,0.6986963331027082
2150,1,0.8236640998150925
2151,1,0.8466743634169059
2152,1,0.6958288806269253
2153,0,0.08138637909462768
2154,1,0.8186653418459254
2155,1,0.7201894460508372
2156,1,0.7030552707101425
2157,1,0.8959105423519279
2158,1,0.8385727237314048
2159,1,0.826944830154198
2160,0,0.2388172100950822
2161,0,0.012345521412931645
2162,1,0.8854645368901073
2163,0,0.15505148499514673
2164,1,0.7857882773367051
2165,1,0.7459420689869762
2166,0,0.03399293861835157
2167,0,0.45036010435639323
2168,0,0.041723734733526426
2169,0,0.006727498246353309
2170,0,0.4697879423039414
2171,1,0.7607649190022893
2172,1,0.9054829865911854
2173,1,0.6522755497844855
2174,1,0.8991269986309346
2175,0,0.3474852270733869
